#FORMAT=WebAnno TSV 3.2
#T_SP=webanno.custom.Quaero_NamedEntities|value


#Text=Deux temps structurent l' œuvre, les cinquante premiers livres sont dédiés aux 723 premières années de Rome, de sa fondation à la bataille d' Actium en -31 et les trente derniers aux 250 années impériales.
1-1	0-4	Deux	amount[1]	
1-2	5-10	temps	amount[1]	
1-3	11-22	structurent	_	
1-4	23-24	l	_	
1-5	24-25	'	_	
1-6	26-31	œuvre	_	
1-7	31-32	,	_	
1-8	33-36	les	_	
1-9	37-46	cinquante	amount[2]	
1-10	47-55	premiers	amount[2]	
1-11	56-62	livres	amount[2]	
1-12	63-67	sont	_	
1-13	68-74	dédiés	_	
1-14	75-78	aux	_	
1-15	79-82	723	time.date.rel[3]|amount[4]	
1-16	83-92	premières	time.date.rel[3]|amount[4]	
1-17	93-99	années	time.date.rel[3]|amount[4]	
1-18	100-102	de	time.date.rel[3]	
1-19	103-107	Rome	time.date.rel[3]|loc.adm.town[5]	
1-20	107-108	,	_	
1-21	109-111	de	_	
1-22	112-114	sa	_	
1-23	115-124	fondation	_	
1-24	125-126	à	_	
1-25	127-129	la	_	
1-26	130-138	bataille	event[6]	
1-27	139-140	d	event[6]	
1-28	140-141	'	event[6]	
1-29	142-148	Actium	event[6]|loc.phys.geo[7]	
1-30	149-151	en	time.date.abs[8]	
1-31	152-153	-	time.date.abs[8]	
1-32	153-155	31	time.date.abs[8]	
1-33	156-158	et	_	
1-34	159-162	les	_	
1-35	163-169	trente	amount[9]	
1-36	170-178	derniers	amount[9]	
1-37	179-182	aux	_	
1-38	183-186	250	amount[10]	
1-39	187-193	années	amount[10]	
1-40	194-204	impériales	_	
1-41	204-205	.	_	

#Text=L' Inde a trois périodes de vacances nationales.
2-1	206-207	L	_	
2-2	207-208	'	_	
2-3	209-213	Inde	loc.adm.nat	
2-4	214-215	a	_	
2-5	216-221	trois	amount[11]	
2-6	222-230	périodes	amount[11]	
2-7	231-233	de	_	
2-8	234-242	vacances	_	
2-9	243-253	nationales	_	
2-10	253-254	.	_	

#Text=On retrouve l' influence de Ballard dans la musique de groupes de post-punk comme Joy Division, The Normal et John Foxx.
3-1	255-257	On	_	
3-2	258-266	retrouve	_	
3-3	267-268	l	_	
3-4	268-269	'	_	
3-5	270-279	influence	_	
3-6	280-282	de	_	
3-7	283-290	Ballard	pers.ind	
3-8	291-295	dans	_	
3-9	296-298	la	_	
3-10	299-306	musique	_	
3-11	307-309	de	_	
3-12	310-317	groupes	_	
3-13	318-320	de	_	
3-14	321-330	post-punk	_	
3-15	331-336	comme	_	
3-16	337-340	Joy	pers.coll[12]	
3-17	341-349	Division	pers.coll[12]	
3-18	349-350	,	_	
3-19	351-354	The	pers.coll[13]	
3-20	355-361	Normal	pers.coll[13]	
3-21	362-364	et	_	
3-22	365-369	John	pers.ind[14]	
3-23	370-374	Foxx	pers.ind[14]	
3-24	374-375	.	_	

#Text=Jiang Qing, la femme de Mao Zedong, et la bande des Quatre agite le mouvement contre les chaînes culturelles du passé : de nombreuses œuvres anciennes, livres, sculptures, bâtiments, etc.
4-1	376-381	Jiang	pers.ind[15]	
4-2	382-386	Qing	pers.ind[15]	
4-3	386-387	,	_	
4-4	388-390	la	_	
4-5	391-396	femme	_	
4-6	397-399	de	_	
4-7	400-403	Mao	pers.ind[16]	
4-8	404-410	Zedong	pers.ind[16]	
4-9	410-411	,	_	
4-10	412-414	et	_	
4-11	415-417	la	_	
4-12	418-423	bande	pers.coll[17]	
4-13	424-427	des	pers.coll[17]	
4-14	428-434	Quatre	pers.coll[17]	
4-15	435-440	agite	_	
4-16	441-443	le	_	
4-17	444-453	mouvement	_	
4-18	454-460	contre	_	
4-19	461-464	les	_	
4-20	465-472	chaînes	_	
4-21	473-484	culturelles	_	
4-22	485-487	du	_	
4-23	488-493	passé	_	
4-24	494-495	:	_	
4-25	496-498	de	_	
4-26	499-509	nombreuses	_	
4-27	510-516	œuvres	_	
4-28	517-526	anciennes	_	
4-29	526-527	,	_	
4-30	528-534	livres	_	
4-31	534-535	,	_	
4-32	536-546	sculptures	_	
4-33	546-547	,	_	
4-34	548-557	bâtiments	_	
4-35	557-558	,	_	
4-36	559-562	etc	_	
4-37	562-563	.	_	

#Text=L' explication d' Arrhenius est que lors de sa dissolution, le sel se dissocie en particules chargées ( que Michael Faraday avait nommé " ions " quelques années avant ).
5-1	564-565	L	_	
5-2	565-566	'	_	
5-3	567-578	explication	_	
5-4	579-580	d	_	
5-5	580-581	'	_	
5-6	582-591	Arrhenius	pers.ind	
5-7	592-595	est	_	
5-8	596-599	que	_	
5-9	600-604	lors	_	
5-10	605-607	de	_	
5-11	608-610	sa	_	
5-12	611-622	dissolution	_	
5-13	622-623	,	_	
5-14	624-626	le	_	
5-15	627-630	sel	_	
5-16	631-633	se	_	
5-17	634-642	dissocie	_	
5-18	643-645	en	_	
5-19	646-656	particules	_	
5-20	657-665	chargées	_	
5-21	666-667	(	_	
5-22	668-671	que	_	
5-23	672-679	Michael	pers.ind[18]	
5-24	680-687	Faraday	pers.ind[18]	
5-25	688-693	avait	_	
5-26	694-699	nommé	_	
5-27	700-701	"	_	
5-28	702-706	ions	_	
5-29	707-708	"	_	
5-30	709-717	quelques	time.date.rel[19]	
5-31	718-724	années	time.date.rel[19]	
5-32	725-730	avant	time.date.rel[19]	
5-33	731-732	)	_	
5-34	732-733	.	_	

#Text=Plus récemment, la série Fringe se déroule également à Boston.
6-1	734-738	Plus	_	
6-2	739-748	récemment	_	
6-3	748-749	,	_	
6-4	750-752	la	_	
6-5	753-758	série	_	
6-6	759-765	Fringe	prod.art	
6-7	766-768	se	_	
6-8	769-776	déroule	_	
6-9	777-786	également	_	
6-10	787-788	à	_	
6-11	789-795	Boston	loc.adm.town	
6-12	795-796	.	_	

#Text=Les populaires séries télévisées québécoises Lance et compte ( 1986 -- ) ont également le hockey sur glace comme thème central.
7-1	797-800	Les	_	
7-2	801-811	populaires	_	
7-3	812-818	séries	_	
7-4	819-829	télévisées	_	
7-5	830-841	québécoises	_	
7-6	842-847	Lance	prod.art[20]	
7-7	848-850	et	prod.art[20]	
7-8	851-857	compte	prod.art[20]	
7-9	858-859	(	_	
7-10	860-864	1986	time.date.abs	
7-11	865-866	-	_	
7-12	866-867	-	_	
7-13	868-869	)	_	
7-14	870-873	ont	_	
7-15	874-883	également	_	
7-16	884-886	le	_	
7-17	887-893	hockey	_	
7-18	894-897	sur	_	
7-19	898-903	glace	_	
7-20	904-909	comme	_	
7-21	910-915	thème	_	
7-22	916-923	central	_	
7-23	923-924	.	_	

#Text=En 1997, il a été anobli par la reine Elizabeth II d' Angleterre.
8-1	925-927	En	_	
8-2	928-932	1997	time.date.abs	
8-3	932-933	,	_	
8-4	934-936	il	_	
8-5	937-938	a	_	
8-6	939-942	été	_	
8-7	943-949	anobli	_	
8-8	950-953	par	_	
8-9	954-956	la	_	
8-10	957-962	reine	func.ind	
8-11	963-972	Elizabeth	pers.ind[21]	
8-12	973-975	II	pers.ind[21]	
8-13	976-977	d	_	
8-14	977-978	'	_	
8-15	979-989	Angleterre	loc.adm.nat	
8-16	989-990	.	_	

#Text=Aidé par le producteur Bob Rock, à qui il est demandé de jouer de la basse sur cet album, Metallica déroute les admirateurs en ne proposant aucun solos, aucune ballade ou power-ballade.
9-1	991-995	Aidé	_	
9-2	996-999	par	_	
9-3	1000-1002	le	_	
9-4	1003-1013	producteur	func.ind	
9-5	1014-1017	Bob	pers.ind[22]	
9-6	1018-1022	Rock	pers.ind[22]	
9-7	1022-1023	,	_	
9-8	1024-1025	à	_	
9-9	1026-1029	qui	_	
9-10	1030-1032	il	_	
9-11	1033-1036	est	_	
9-12	1037-1044	demandé	_	
9-13	1045-1047	de	_	
9-14	1048-1053	jouer	_	
9-15	1054-1056	de	_	
9-16	1057-1059	la	_	
9-17	1060-1065	basse	_	
9-18	1066-1069	sur	_	
9-19	1070-1073	cet	_	
9-20	1074-1079	album	_	
9-21	1079-1080	,	_	
9-22	1081-1090	Metallica	pers.coll	
9-23	1091-1098	déroute	_	
9-24	1099-1102	les	_	
9-25	1103-1114	admirateurs	_	
9-26	1115-1117	en	_	
9-27	1118-1120	ne	_	
9-28	1121-1130	proposant	_	
9-29	1131-1136	aucun	_	
9-30	1137-1142	solos	_	
9-31	1142-1143	,	_	
9-32	1144-1150	aucune	_	
9-33	1151-1158	ballade	_	
9-34	1159-1161	ou	_	
9-35	1162-1175	power-ballade	_	
9-36	1175-1176	.	_	

#Text=Louis XV pose la première pierre le 6 septembre 1764, devant une grandiose préfiguration : le futur portail figure peint et représenté grandeur nature, comme un décor en toile tendu sur une charpente ; l' œuvre est due à Pierre-Antoine Demachy.
10-1	1177-1182	Louis	pers.ind[23]	
10-2	1183-1185	XV	pers.ind[23]	
10-3	1186-1190	pose	_	
10-4	1191-1193	la	_	
10-5	1194-1202	première	_	
10-6	1203-1209	pierre	_	
10-7	1210-1212	le	time.date.abs[24]	
10-8	1213-1214	6	time.date.abs[24]	
10-9	1215-1224	septembre	time.date.abs[24]	
10-10	1225-1229	1764	time.date.abs[24]	
10-11	1229-1230	,	_	
10-12	1231-1237	devant	_	
10-13	1238-1241	une	_	
10-14	1242-1251	grandiose	_	
10-15	1252-1265	préfiguration	_	
10-16	1266-1267	:	_	
10-17	1268-1270	le	_	
10-18	1271-1276	futur	_	
10-19	1277-1284	portail	_	
10-20	1285-1291	figure	_	
10-21	1292-1297	peint	_	
10-22	1298-1300	et	_	
10-23	1301-1311	représenté	_	
10-24	1312-1320	grandeur	_	
10-25	1321-1327	nature	_	
10-26	1327-1328	,	_	
10-27	1329-1334	comme	_	
10-28	1335-1337	un	_	
10-29	1338-1343	décor	_	
10-30	1344-1346	en	_	
10-31	1347-1352	toile	_	
10-32	1353-1358	tendu	_	
10-33	1359-1362	sur	_	
10-34	1363-1366	une	_	
10-35	1367-1376	charpente	_	
10-36	1377-1378	;	_	
10-37	1379-1380	l	_	
10-38	1380-1381	'	_	
10-39	1382-1387	œuvre	_	
10-40	1388-1391	est	_	
10-41	1392-1395	due	_	
10-42	1396-1397	à	_	
10-43	1398-1412	Pierre-Antoine	pers.ind[25]	
10-44	1413-1420	Demachy	pers.ind[25]	
10-45	1420-1421	.	_	

#Text=Les salaires sont très bas, sauf dans les maquiladoras ( env. deux fois plus élevés qu' au sud ), à la frontière des États-Unis.
11-1	1422-1425	Les	_	
11-2	1426-1434	salaires	_	
11-3	1435-1439	sont	_	
11-4	1440-1444	très	_	
11-5	1445-1448	bas	_	
11-6	1448-1449	,	_	
11-7	1450-1454	sauf	_	
11-8	1455-1459	dans	_	
11-9	1460-1463	les	loc.other[26]	
11-10	1464-1476	maquiladoras	loc.other[26]	
11-11	1477-1478	(	_	
11-12	1479-1482	env	_	
11-13	1482-1483	.	_	
11-14	1484-1488	deux	_	
11-15	1489-1493	fois	_	
11-16	1494-1498	plus	_	
11-17	1499-1505	élevés	_	
11-18	1506-1508	qu	_	
11-19	1508-1509	'	_	
11-20	1510-1512	au	_	
11-21	1513-1516	sud	_	
11-22	1517-1518	)	_	
11-23	1518-1519	,	_	
11-24	1520-1521	à	_	
11-25	1522-1524	la	_	
11-26	1525-1534	frontière	_	
11-27	1535-1538	des	_	
11-28	1539-1549	États-Unis	loc.adm.nat	
11-29	1549-1550	.	_	

#Text=Aux États-Unis, ces puces sont considérées comme illégales par le DMCA.
12-1	1551-1554	Aux	_	
12-2	1555-1565	États-Unis	loc.adm.nat	
12-3	1565-1566	,	_	
12-4	1567-1570	ces	_	
12-5	1571-1576	puces	_	
12-6	1577-1581	sont	_	
12-7	1582-1593	considérées	_	
12-8	1594-1599	comme	_	
12-9	1600-1609	illégales	_	
12-10	1610-1613	par	_	
12-11	1614-1616	le	_	
12-12	1617-1621	DMCA	prod.rule	
12-13	1621-1622	.	_	

#Text=des scientifiques du XVII e siècle tels que Galilée, Locke etc., qui avaient été considérées comme objectives dans la nature externe, mais qui devaient être vues comme des constructions cognitives très complexes de la psyché dans les différentes conditions individuelles du corps et de l' âme humains.
13-1	1623-1626	des	_	
13-2	1627-1640	scientifiques	func.coll	
13-3	1641-1643	du	time.date.abs[27]	
13-4	1644-1648	XVII	time.date.abs[27]	
13-5	1649-1650	e	time.date.abs[27]	
13-6	1651-1657	siècle	time.date.abs[27]	
13-7	1658-1662	tels	_	
13-8	1663-1666	que	_	
13-9	1667-1674	Galilée	pers.ind	
13-10	1674-1675	,	_	
13-11	1676-1681	Locke	pers.ind	
13-12	1682-1685	etc	_	
13-13	1685-1686	.	_	
13-14	1686-1687	,	_	
13-15	1688-1691	qui	_	
13-16	1692-1699	avaient	_	
13-17	1700-1703	été	_	
13-18	1704-1715	considérées	_	
13-19	1716-1721	comme	_	
13-20	1722-1732	objectives	_	
13-21	1733-1737	dans	_	
13-22	1738-1740	la	_	
13-23	1741-1747	nature	_	
13-24	1748-1755	externe	_	
13-25	1755-1756	,	_	
13-26	1757-1761	mais	_	
13-27	1762-1765	qui	_	
13-28	1766-1774	devaient	_	
13-29	1775-1779	être	_	
13-30	1780-1784	vues	_	
13-31	1785-1790	comme	_	
13-32	1791-1794	des	_	
13-33	1795-1808	constructions	_	
13-34	1809-1819	cognitives	_	
13-35	1820-1824	très	_	
13-36	1825-1834	complexes	_	
13-37	1835-1837	de	_	
13-38	1838-1840	la	_	
13-39	1841-1847	psyché	_	
13-40	1848-1852	dans	_	
13-41	1853-1856	les	_	
13-42	1857-1868	différentes	_	
13-43	1869-1879	conditions	_	
13-44	1880-1893	individuelles	_	
13-45	1894-1896	du	_	
13-46	1897-1902	corps	_	
13-47	1903-1905	et	_	
13-48	1906-1908	de	_	
13-49	1909-1910	l	_	
13-50	1910-1911	'	_	
13-51	1912-1915	âme	_	
13-52	1916-1923	humains	_	
13-53	1923-1924	.	_	

#Text=Le consortium OMG ( Object Management Group ) a été fondé en 1989, dans le but de soutenir et uniformiser les nouvelles technologies basées sur les objets.
14-1	1925-1927	Le	_	
14-2	1928-1938	consortium	_	
14-3	1939-1942	OMG	org.ent	
14-4	1943-1944	(	_	
14-5	1945-1951	Object	org.ent[28]	
14-6	1952-1962	Management	org.ent[28]	
14-7	1963-1968	Group	org.ent[28]	
14-8	1969-1970	)	_	
14-9	1971-1972	a	_	
14-10	1973-1976	été	_	
14-11	1977-1982	fondé	_	
14-12	1983-1985	en	_	
14-13	1986-1990	1989	time.date.abs	
14-14	1990-1991	,	_	
14-15	1992-1996	dans	_	
14-16	1997-1999	le	_	
14-17	2000-2003	but	_	
14-18	2004-2006	de	_	
14-19	2007-2015	soutenir	_	
14-20	2016-2018	et	_	
14-21	2019-2030	uniformiser	_	
14-22	2031-2034	les	_	
14-23	2035-2044	nouvelles	_	
14-24	2045-2057	technologies	_	
14-25	2058-2064	basées	_	
14-26	2065-2068	sur	_	
14-27	2069-2072	les	_	
14-28	2073-2079	objets	_	
14-29	2079-2080	.	_	

#Text=En 2006, le jury du supplément littéraire du New York Times consacre Beloved " meilleur roman de ces 25 dernières années " et en novembre de la même année, le Musée du Louvre fait de Morrison son invitée d' honneur proposant un programme de lectures, rencontres et conférences avec l' auteur et ses amis artistes, écrivains ou professeurs.
15-1	2081-2083	En	time.date.abs[29]	
15-2	2084-2088	2006	time.date.abs[29]	
15-3	2088-2089	,	_	
15-4	2090-2092	le	_	
15-5	2093-2097	jury	_	
15-6	2098-2100	du	_	
15-7	2101-2111	supplément	_	
15-8	2112-2122	littéraire	_	
15-9	2123-2125	du	_	
15-10	2126-2129	New	prod.media[30]	
15-11	2130-2134	York	prod.media[30]	
15-12	2135-2140	Times	prod.media[30]	
15-13	2141-2149	consacre	_	
15-14	2150-2157	Beloved	prod.art	
15-15	2158-2159	"	_	
15-16	2160-2168	meilleur	prod.award[31]	
15-17	2169-2174	roman	prod.award[31]	
15-18	2175-2177	de	prod.award[31]	
15-19	2178-2181	ces	prod.award[31]	
15-20	2182-2184	25	prod.award[31]|amount[32]	
15-21	2185-2194	dernières	prod.award[31]|amount[32]	
15-22	2195-2201	années	prod.award[31]|amount[32]	
15-23	2202-2203	"	_	
15-24	2204-2206	et	_	
15-25	2207-2209	en	time.date.rel[33]	
15-26	2210-2218	novembre	time.date.rel[33]	
15-27	2219-2221	de	time.date.rel[33]	
15-28	2222-2224	la	time.date.rel[33]	
15-29	2225-2229	même	time.date.rel[33]	
15-30	2230-2235	année	time.date.rel[33]	
15-31	2235-2236	,	_	
15-32	2237-2239	le	_	
15-33	2240-2245	Musée	loc.fac[34]|org.ent[35]	
15-34	2246-2248	du	loc.fac[34]|org.ent[35]	
15-35	2249-2255	Louvre	loc.fac[34]|org.ent[35]	
15-36	2256-2260	fait	_	
15-37	2261-2263	de	_	
15-38	2264-2272	Morrison	pers.ind	
15-39	2273-2276	son	_	
15-40	2277-2284	invitée	_	
15-41	2285-2286	d	_	
15-42	2286-2287	'	_	
15-43	2288-2295	honneur	_	
15-44	2296-2305	proposant	_	
15-45	2306-2308	un	_	
15-46	2309-2318	programme	_	
15-47	2319-2321	de	_	
15-48	2322-2330	lectures	_	
15-49	2330-2331	,	_	
15-50	2332-2342	rencontres	_	
15-51	2343-2345	et	_	
15-52	2346-2357	conférences	_	
15-53	2358-2362	avec	_	
15-54	2363-2364	l	_	
15-55	2364-2365	'	_	
15-56	2366-2372	auteur	func.ind	
15-57	2373-2375	et	_	
15-58	2376-2379	ses	_	
15-59	2380-2384	amis	_	
15-60	2385-2393	artistes	func.coll	
15-61	2393-2394	,	_	
15-62	2395-2404	écrivains	func.coll	
15-63	2405-2407	ou	_	
15-64	2408-2419	professeurs	func.coll	
15-65	2419-2420	.	_	

#Text=Ce qui tend à confirmer l' attribution traditionnelle de sa fondation à Olav Tryggvason à cette date et justifia la célébration du millénaire d' Oslo en 2000.
16-1	2421-2423	Ce	_	
16-2	2424-2427	qui	_	
16-3	2428-2432	tend	_	
16-4	2433-2434	à	_	
16-5	2435-2444	confirmer	_	
16-6	2445-2446	l	_	
16-7	2446-2447	'	_	
16-8	2448-2459	attribution	_	
16-9	2460-2474	traditionnelle	_	
16-10	2475-2477	de	_	
16-11	2478-2480	sa	_	
16-12	2481-2490	fondation	_	
16-13	2491-2492	à	_	
16-14	2493-2497	Olav	pers.ind[36]	
16-15	2498-2508	Tryggvason	pers.ind[36]	
16-16	2509-2510	à	time.date.rel[37]	
16-17	2511-2516	cette	time.date.rel[37]	
16-18	2517-2521	date	time.date.rel[37]	
16-19	2522-2524	et	_	
16-20	2525-2533	justifia	_	
16-21	2534-2536	la	_	
16-22	2537-2548	célébration	_	
16-23	2549-2551	du	_	
16-24	2552-2562	millénaire	_	
16-25	2563-2564	d	_	
16-26	2564-2565	'	_	
16-27	2566-2570	Oslo	loc.adm.town	
16-28	2571-2573	en	_	
16-29	2574-2578	2000	time.date.abs	
16-30	2578-2579	.	_	

#Text=Lorient est une ville de Bretagne, chef-lieu d' un arrondissement du département du Morbihan ( 56 ).
17-1	2580-2587	Lorient	loc.adm.town	
17-2	2588-2591	est	_	
17-3	2592-2595	une	_	
17-4	2596-2601	ville	_	
17-5	2602-2604	de	_	
17-6	2605-2613	Bretagne	loc.adm.reg	
17-7	2613-2614	,	_	
17-8	2615-2624	chef-lieu	_	
17-9	2625-2626	d	_	
17-10	2626-2627	'	_	
17-11	2628-2630	un	_	
17-12	2631-2645	arrondissement	_	
17-13	2646-2648	du	_	
17-14	2649-2660	département	_	
17-15	2661-2663	du	_	
17-16	2664-2672	Morbihan	loc.adm.reg	
17-17	2673-2674	(	_	
17-18	2675-2677	56	_	
17-19	2678-2679	)	_	
17-20	2679-2680	.	_	

#Text=Le delta de la rivière des Perles, situé au centre du Guangdong, abrite des villes mondiales comme Hong Kong, Canton ou Shenzhen.
18-1	2681-2683	Le	_	
18-2	2684-2689	delta	loc.phys.hydro[38]	
18-3	2690-2692	de	loc.phys.hydro[38]	
18-4	2693-2695	la	loc.phys.hydro[38]	
18-5	2696-2703	rivière	loc.phys.hydro[38]|loc.phys.hydro[39]	
18-6	2704-2707	des	loc.phys.hydro[38]|loc.phys.hydro[39]	
18-7	2708-2714	Perles	loc.phys.hydro[38]|loc.phys.hydro[39]	
18-8	2714-2715	,	_	
18-9	2716-2721	situé	_	
18-10	2722-2724	au	_	
18-11	2725-2731	centre	_	
18-12	2732-2734	du	_	
18-13	2735-2744	Guangdong	loc.adm.reg	
18-14	2744-2745	,	_	
18-15	2746-2752	abrite	_	
18-16	2753-2756	des	_	
18-17	2757-2763	villes	_	
18-18	2764-2773	mondiales	_	
18-19	2774-2779	comme	_	
18-20	2780-2784	Hong	loc.adm.town[40]	
18-21	2785-2789	Kong	loc.adm.town[40]	
18-22	2789-2790	,	_	
18-23	2791-2797	Canton	loc.adm.town	
18-24	2798-2800	ou	_	
18-25	2801-2809	Shenzhen	loc.adm.town	
18-26	2809-2810	.	_	

#Text=L' île indonésienne de Bali est ainsi marquée par une forte influence hindoue, avec des éléments bouddhistes et surtout animistes, le syncrétisme étant plus facile dans ces cultures.
19-1	2811-2812	L	_	
19-2	2812-2813	'	_	
19-3	2814-2817	île	_	
19-4	2818-2830	indonésienne	_	
19-5	2831-2833	de	_	
19-6	2834-2838	Bali	loc.phys.geo	
19-7	2839-2842	est	_	
19-8	2843-2848	ainsi	_	
19-9	2849-2856	marquée	_	
19-10	2857-2860	par	_	
19-11	2861-2864	une	_	
19-12	2865-2870	forte	_	
19-13	2871-2880	influence	_	
19-14	2881-2888	hindoue	_	
19-15	2888-2889	,	_	
19-16	2890-2894	avec	_	
19-17	2895-2898	des	_	
19-18	2899-2907	éléments	_	
19-19	2908-2919	bouddhistes	_	
19-20	2920-2922	et	_	
19-21	2923-2930	surtout	_	
19-22	2931-2940	animistes	_	
19-23	2940-2941	,	_	
19-24	2942-2944	le	_	
19-25	2945-2956	syncrétisme	_	
19-26	2957-2962	étant	_	
19-27	2963-2967	plus	_	
19-28	2968-2974	facile	_	
19-29	2975-2979	dans	_	
19-30	2980-2983	ces	_	
19-31	2984-2992	cultures	_	
19-32	2992-2993	.	_	

#Text=En outre, les USC Trojans et les UCLA Bruins figurent parmi les meilleures formations sportives universitaires américaines.
20-1	2994-2996	En	_	
20-2	2997-3002	outre	_	
20-3	3002-3003	,	_	
20-4	3004-3007	les	_	
20-5	3008-3011	USC	org.ent[41]	
20-6	3012-3019	Trojans	org.ent[41]	
20-7	3020-3022	et	_	
20-8	3023-3026	les	_	
20-9	3027-3031	UCLA	org.ent[42]	
20-10	3032-3038	Bruins	org.ent[42]	
20-11	3039-3047	figurent	_	
20-12	3048-3053	parmi	_	
20-13	3054-3057	les	_	
20-14	3058-3068	meilleures	_	
20-15	3069-3079	formations	_	
20-16	3080-3089	sportives	_	
20-17	3090-3104	universitaires	_	
20-18	3105-3116	américaines	_	
20-19	3116-3117	.	_	

#Text=Armstrong a ensuite pris part au spectacle de Bob Hope de l' United Service Organizations.
21-1	3118-3127	Armstrong	pers.ind	
21-2	3128-3129	a	_	
21-3	3130-3137	ensuite	_	
21-4	3138-3142	pris	_	
21-5	3143-3147	part	_	
21-6	3148-3150	au	_	
21-7	3151-3160	spectacle	_	
21-8	3161-3163	de	_	
21-9	3164-3167	Bob	pers.ind[43]	
21-10	3168-3172	Hope	pers.ind[43]	
21-11	3173-3175	de	_	
21-12	3176-3177	l	_	
21-13	3177-3178	'	_	
21-14	3179-3185	United	org.ent[44]	
21-15	3186-3193	Service	org.ent[44]	
21-16	3194-3207	Organizations	org.ent[44]	
21-17	3207-3208	.	_	

#Text=La genèse de Ma mère tout comme son analyse mériterait un article à part.
22-1	3209-3211	La	_	
22-2	3212-3218	genèse	_	
22-3	3219-3221	de	_	
22-4	3222-3224	Ma	prod.art[45]	
22-5	3225-3229	mère	prod.art[45]	
22-6	3230-3234	tout	_	
22-7	3235-3240	comme	_	
22-8	3241-3244	son	_	
22-9	3245-3252	analyse	_	
22-10	3253-3263	mériterait	_	
22-11	3264-3266	un	_	
22-12	3267-3274	article	_	
22-13	3275-3276	à	_	
22-14	3277-3281	part	_	
22-15	3281-3282	.	_	

#Text=Étant le plus jeune, le plus petit et le plus intelligent de sa classe, en plus d' être le seul Juif, il est fréquemment brimé par ses camarades.
23-1	3283-3288	Étant	_	
23-2	3289-3291	le	_	
23-3	3292-3296	plus	_	
23-4	3297-3302	jeune	_	
23-5	3302-3303	,	_	
23-6	3304-3306	le	_	
23-7	3307-3311	plus	_	
23-8	3312-3317	petit	_	
23-9	3318-3320	et	_	
23-10	3321-3323	le	_	
23-11	3324-3328	plus	_	
23-12	3329-3340	intelligent	_	
23-13	3341-3343	de	_	
23-14	3344-3346	sa	_	
23-15	3347-3353	classe	_	
23-16	3353-3354	,	_	
23-17	3355-3357	en	_	
23-18	3358-3362	plus	_	
23-19	3363-3364	d	_	
23-20	3364-3365	'	_	
23-21	3366-3370	être	_	
23-22	3371-3373	le	_	
23-23	3374-3378	seul	_	
23-24	3379-3383	Juif	_	
23-25	3383-3384	,	_	
23-26	3385-3387	il	_	
23-27	3388-3391	est	_	
23-28	3392-3403	fréquemment	_	
23-29	3404-3409	brimé	_	
23-30	3410-3413	par	_	
23-31	3414-3417	ses	_	
23-32	3418-3427	camarades	_	
23-33	3427-3428	.	_	

#Text=Granville est située à dix-sept kilomètres au sud -- est de son quartier insulaire de Chausey, deux cent quatre-vingt huit kilomètres à l' ouest de Paris -- Notre-Dame, point zéro des routes de France, quarante-neuf kilomètres au sud -- ouest de Saint-Lô, vingt-quatre kilomètres au nord -- ouest d' Avranches, vingt-sept kilomètres au sud -- ouest de Coutances, quatre-vingt onze kilomètres au sud de Cherbourg-Octeville, vingt-trois kilomètres au nord du Mont-Saint-Michel, vingt-six kilomètres au nord -- est de Cancale, quatre-vingt dix-neuf kilomètres au sud -- ouest de Caen.
24-1	3429-3438	Granville	loc.adm.town	
24-2	3439-3442	est	_	
24-3	3443-3449	située	_	
24-4	3450-3451	à	_	
24-5	3452-3460	dix-sept	amount[46]	
24-6	3461-3471	kilomètres	amount[46]	
24-7	3472-3474	au	_	
24-8	3475-3478	sud	_	
24-9	3479-3480	-	_	
24-10	3480-3481	-	_	
24-11	3482-3485	est	_	
24-12	3486-3488	de	_	
24-13	3489-3492	son	_	
24-14	3493-3501	quartier	_	
24-15	3502-3511	insulaire	_	
24-16	3512-3514	de	_	
24-17	3515-3522	Chausey	loc.phys.geo	
24-18	3522-3523	,	_	
24-19	3524-3528	deux	amount[47]	
24-20	3529-3533	cent	amount[47]	
24-21	3534-3546	quatre-vingt	amount[47]	
24-22	3547-3551	huit	amount[47]	
24-23	3552-3562	kilomètres	amount[47]	
24-24	3563-3564	à	_	
24-25	3565-3566	l	_	
24-26	3566-3567	'	_	
24-27	3568-3573	ouest	_	
24-28	3574-3576	de	_	
24-29	3577-3582	Paris	loc.adm.town	
24-30	3583-3584	-	_	
24-31	3584-3585	-	_	
24-32	3586-3596	Notre-Dame	loc.fac	
24-33	3596-3597	,	_	
24-34	3598-3603	point	loc.other[48]	
24-35	3604-3608	zéro	loc.other[48]	
24-36	3609-3612	des	loc.other[48]	
24-37	3613-3619	routes	loc.other[48]	
24-38	3620-3622	de	loc.other[48]	
24-39	3623-3629	France	loc.other[48]|loc.adm.nat[49]	
24-40	3629-3630	,	_	
24-41	3631-3644	quarante-neuf	amount[50]	
24-42	3645-3655	kilomètres	amount[50]	
24-43	3656-3658	au	_	
24-44	3659-3662	sud	_	
24-45	3663-3664	-	_	
24-46	3664-3665	-	_	
24-47	3666-3671	ouest	_	
24-48	3672-3674	de	_	
24-49	3675-3683	Saint-Lô	loc.adm.town	
24-50	3683-3684	,	_	
24-51	3685-3697	vingt-quatre	amount[51]	
24-52	3698-3708	kilomètres	amount[51]	
24-53	3709-3711	au	_	
24-54	3712-3716	nord	_	
24-55	3717-3718	-	_	
24-56	3718-3719	-	_	
24-57	3720-3725	ouest	_	
24-58	3726-3727	d	_	
24-59	3727-3728	'	_	
24-60	3729-3738	Avranches	loc.adm.town	
24-61	3738-3739	,	_	
24-62	3740-3750	vingt-sept	amount[52]	
24-63	3751-3761	kilomètres	amount[52]	
24-64	3762-3764	au	_	
24-65	3765-3768	sud	_	
24-66	3769-3770	-	_	
24-67	3770-3771	-	_	
24-68	3772-3777	ouest	_	
24-69	3778-3780	de	_	
24-70	3781-3790	Coutances	loc.adm.town	
24-71	3790-3791	,	_	
24-72	3792-3804	quatre-vingt	amount[53]	
24-73	3805-3809	onze	amount[53]	
24-74	3810-3820	kilomètres	amount[53]	
24-75	3821-3823	au	_	
24-76	3824-3827	sud	_	
24-77	3828-3830	de	_	
24-78	3831-3850	Cherbourg-Octeville	loc.adm.town	
24-79	3850-3851	,	_	
24-80	3852-3863	vingt-trois	amount[54]	
24-81	3864-3874	kilomètres	amount[54]	
24-82	3875-3877	au	_	
24-83	3878-3882	nord	_	
24-84	3883-3885	du	_	
24-85	3886-3903	Mont-Saint-Michel	loc.adm.town	
24-86	3903-3904	,	_	
24-87	3905-3914	vingt-six	amount[55]	
24-88	3915-3925	kilomètres	amount[55]	
24-89	3926-3928	au	_	
24-90	3929-3933	nord	_	
24-91	3934-3935	-	_	
24-92	3935-3936	-	_	
24-93	3937-3940	est	_	
24-94	3941-3943	de	_	
24-95	3944-3951	Cancale	loc.adm.town	
24-96	3951-3952	,	_	
24-97	3953-3965	quatre-vingt	amount[56]	
24-98	3966-3974	dix-neuf	amount[56]	
24-99	3975-3985	kilomètres	amount[56]	
24-100	3986-3988	au	_	
24-101	3989-3992	sud	_	
24-102	3993-3994	-	_	
24-103	3994-3995	-	_	
24-104	3996-4001	ouest	_	
24-105	4002-4004	de	_	
24-106	4005-4009	Caen	loc.adm.town	
24-107	4009-4010	.	_	

#Text=Le château fut transformé en dépôt de sel et de nombreuses pierres des remparts furent réutilisées au 17 e siècle lors de la construction du port fortifié de Morges.
25-1	4011-4013	Le	_	
25-2	4014-4021	château	_	
25-3	4022-4025	fut	_	
25-4	4026-4036	transformé	_	
25-5	4037-4039	en	_	
25-6	4040-4045	dépôt	_	
25-7	4046-4048	de	_	
25-8	4049-4052	sel	_	
25-9	4053-4055	et	_	
25-10	4056-4058	de	_	
25-11	4059-4069	nombreuses	_	
25-12	4070-4077	pierres	_	
25-13	4078-4081	des	_	
25-14	4082-4090	remparts	_	
25-15	4091-4097	furent	_	
25-16	4098-4109	réutilisées	_	
25-17	4110-4112	au	time.date.abs[57]	
25-18	4113-4115	17	time.date.abs[57]	
25-19	4116-4117	e	time.date.abs[57]	
25-20	4118-4124	siècle	time.date.abs[57]	
25-21	4125-4129	lors	_	
25-22	4130-4132	de	_	
25-23	4133-4135	la	_	
25-24	4136-4148	construction	_	
25-25	4149-4151	du	_	
25-26	4152-4156	port	loc.fac[58]	
25-27	4157-4165	fortifié	loc.fac[58]	
25-28	4166-4168	de	loc.fac[58]	
25-29	4169-4175	Morges	loc.fac[58]|loc.adm.town[59]	
25-30	4175-4176	.	_	

#Text=Jack London abandonne cet emploi, écœuré, lorsqu' il apprend qu' il remplace seul deux ouvriers, pour un salaire trois fois moindre, et qu' un des deux ouvriers qu' il remplace s' est suicidé.
26-1	4177-4181	Jack	pers.ind[60]	
26-2	4182-4188	London	pers.ind[60]	
26-3	4189-4198	abandonne	_	
26-4	4199-4202	cet	_	
26-5	4203-4209	emploi	_	
26-6	4209-4210	,	_	
26-7	4211-4217	écœuré	_	
26-8	4217-4218	,	_	
26-9	4219-4225	lorsqu	_	
26-10	4225-4226	'	_	
26-11	4227-4229	il	_	
26-12	4230-4237	apprend	_	
26-13	4238-4240	qu	_	
26-14	4240-4241	'	_	
26-15	4242-4244	il	_	
26-16	4245-4253	remplace	_	
26-17	4254-4258	seul	_	
26-18	4259-4263	deux	amount[61]	
26-19	4264-4272	ouvriers	amount[61]	
26-20	4272-4273	,	_	
26-21	4274-4278	pour	_	
26-22	4279-4281	un	_	
26-23	4282-4289	salaire	_	
26-24	4290-4295	trois	_	
26-25	4296-4300	fois	_	
26-26	4301-4308	moindre	_	
26-27	4308-4309	,	_	
26-28	4310-4312	et	_	
26-29	4313-4315	qu	_	
26-30	4315-4316	'	_	
26-31	4317-4319	un	_	
26-32	4320-4323	des	_	
26-33	4324-4328	deux	amount[62]	
26-34	4329-4337	ouvriers	amount[62]	
26-35	4338-4340	qu	_	
26-36	4340-4341	'	_	
26-37	4342-4344	il	_	
26-38	4345-4353	remplace	_	
26-39	4354-4355	s	_	
26-40	4355-4356	'	_	
26-41	4357-4360	est	_	
26-42	4361-4368	suicidé	_	
26-43	4368-4369	.	_	

#Text=Les TGV desservent les gares de Massy TGV, Massy -- Palaiseau et Juvisy.
27-1	4370-4373	Les	_	
27-2	4374-4377	TGV	prod.object	
27-3	4378-4388	desservent	_	
27-4	4389-4392	les	_	
27-5	4393-4398	gares	_	
27-6	4399-4401	de	_	
27-7	4402-4407	Massy	loc.fac[63]	
27-8	4408-4411	TGV	loc.fac[63]	
27-9	4411-4412	,	_	
27-10	4413-4418	Massy	loc.fac[64]	
27-11	4419-4420	-	loc.fac[64]	
27-12	4420-4421	-	loc.fac[64]	
27-13	4422-4431	Palaiseau	loc.fac[64]	
27-14	4432-4434	et	_	
27-15	4435-4441	Juvisy	loc.fac	
27-16	4441-4442	.	_	

#Text=La plaine du Nord de la Chine, située à Pékin, est géologiquement une zone de sédimentation qui a été constituée au cours du temps par la formation du delta du Nord de la Chine.
28-1	4443-4445	La	_	
28-2	4446-4452	plaine	loc.phys.geo[65]	
28-3	4453-4455	du	loc.phys.geo[65]	
28-4	4456-4460	Nord	loc.phys.geo[65]|loc.adm.reg[66]	
28-5	4461-4463	de	loc.phys.geo[65]|loc.adm.reg[66]	
28-6	4464-4466	la	loc.phys.geo[65]|loc.adm.reg[66]	
28-7	4467-4472	Chine	loc.phys.geo[65]|loc.adm.reg[66]|loc.adm.nat[67]	
28-8	4472-4473	,	_	
28-9	4474-4480	située	_	
28-10	4481-4482	à	_	
28-11	4483-4488	Pékin	loc.adm.town	
28-12	4488-4489	,	_	
28-13	4490-4493	est	_	
28-14	4494-4508	géologiquement	_	
28-15	4509-4512	une	_	
28-16	4513-4517	zone	_	
28-17	4518-4520	de	_	
28-18	4521-4534	sédimentation	_	
28-19	4535-4538	qui	_	
28-20	4539-4540	a	_	
28-21	4541-4544	été	_	
28-22	4545-4555	constituée	_	
28-23	4556-4558	au	_	
28-24	4559-4564	cours	_	
28-25	4565-4567	du	_	
28-26	4568-4573	temps	_	
28-27	4574-4577	par	_	
28-28	4578-4580	la	_	
28-29	4581-4590	formation	_	
28-30	4591-4593	du	_	
28-31	4594-4599	delta	loc.phys.hydro[68]	
28-32	4600-4602	du	loc.phys.hydro[68]	
28-33	4603-4607	Nord	loc.phys.hydro[68]|loc.adm.reg[69]	
28-34	4608-4610	de	loc.phys.hydro[68]|loc.adm.reg[69]	
28-35	4611-4613	la	loc.phys.hydro[68]|loc.adm.reg[69]	
28-36	4614-4619	Chine	loc.phys.hydro[68]|loc.adm.reg[69]|loc.adm.nat[70]	
28-37	4619-4620	.	_	

#Text=Le Royaume d' Égypte accède à l' indépendance en 1922.
29-1	4621-4623	Le	_	
29-2	4624-4631	Royaume	org.adm[71]	
29-3	4632-4633	d	org.adm[71]	
29-4	4633-4634	'	org.adm[71]	
29-5	4635-4641	Égypte	org.adm[71]|loc.adm.nat[72]	
29-6	4642-4648	accède	_	
29-7	4649-4650	à	_	
29-8	4651-4652	l	_	
29-9	4652-4653	'	_	
29-10	4654-4666	indépendance	_	
29-11	4667-4669	en	_	
29-12	4670-4674	1922	time.date.abs	
29-13	4674-4675	.	_	

#Text=En 1209, des étudiants qui fuyaient la violence d' Oxford se sont réfugiés à Cambridge et y ont fondé une université.
30-1	4676-4678	En	time.date.abs[73]	
30-2	4679-4683	1209	time.date.abs[73]	
30-3	4683-4684	,	_	
30-4	4685-4688	des	_	
30-5	4689-4698	étudiants	_	
30-6	4699-4702	qui	_	
30-7	4703-4711	fuyaient	_	
30-8	4712-4714	la	_	
30-9	4715-4723	violence	_	
30-10	4724-4725	d	_	
30-11	4725-4726	'	_	
30-12	4727-4733	Oxford	loc.adm.town	
30-13	4734-4736	se	_	
30-14	4737-4741	sont	_	
30-15	4742-4750	réfugiés	_	
30-16	4751-4752	à	_	
30-17	4753-4762	Cambridge	loc.adm.town	
30-18	4763-4765	et	_	
30-19	4766-4767	y	_	
30-20	4768-4771	ont	_	
30-21	4772-4777	fondé	_	
30-22	4778-4781	une	_	
30-23	4782-4792	université	_	
30-24	4792-4793	.	_	

#Text=La plus grande partie de la vie scientifique de Maxwell a été consacrée à l' électricité.
31-1	4794-4796	La	_	
31-2	4797-4801	plus	_	
31-3	4802-4808	grande	_	
31-4	4809-4815	partie	_	
31-5	4816-4818	de	_	
31-6	4819-4821	la	_	
31-7	4822-4825	vie	_	
31-8	4826-4838	scientifique	_	
31-9	4839-4841	de	_	
31-10	4842-4849	Maxwell	pers.ind	
31-11	4850-4851	a	_	
31-12	4852-4855	été	_	
31-13	4856-4865	consacrée	_	
31-14	4866-4867	à	_	
31-15	4868-4869	l	_	
31-16	4869-4870	'	_	
31-17	4871-4882	électricité	_	
31-18	4882-4883	.	_	

#Text=Elle a succédé en 1996 au Pacte andin, consécutif à l' accord de Carthagène de 1969.
32-1	4884-4888	Elle	_	
32-2	4889-4890	a	_	
32-3	4891-4898	succédé	_	
32-4	4899-4901	en	time.date.abs[74]	
32-5	4902-4906	1996	time.date.abs[74]	
32-6	4907-4909	au	_	
32-7	4910-4915	Pacte	prod.rule[75]	
32-8	4916-4921	andin	prod.rule[75]	
32-9	4921-4922	,	_	
32-10	4923-4933	consécutif	_	
32-11	4934-4935	à	_	
32-12	4936-4937	l	_	
32-13	4937-4938	'	_	
32-14	4939-4945	accord	prod.rule[76]	
32-15	4946-4948	de	prod.rule[76]	
32-16	4949-4959	Carthagène	prod.rule[76]|loc.adm.town[77]	
32-17	4960-4962	de	time.date.abs[78]	
32-18	4963-4967	1969	time.date.abs[78]	
32-19	4967-4968	.	_	

#Text=Le Thionville FC passe professionnel et évolue en Division 2 lors des saisons 1979-1980 et 1980-1981.
33-1	4969-4971	Le	_	
33-2	4972-4982	Thionville	org.ent[79]	
33-3	4983-4985	FC	org.ent[79]	
33-4	4986-4991	passe	_	
33-5	4992-5005	professionnel	_	
33-6	5006-5008	et	_	
33-7	5009-5015	évolue	_	
33-8	5016-5018	en	_	
33-9	5019-5027	Division	_	
33-10	5028-5029	2	_	
33-11	5030-5034	lors	_	
33-12	5035-5038	des	_	
33-13	5039-5046	saisons	_	
33-14	5047-5051	1979	time.date.abs[80]	
33-15	5051-5052	-	time.date.abs[80]	
33-16	5052-5056	1980	time.date.abs[80]	
33-17	5057-5059	et	_	
33-18	5060-5064	1980	time.date.abs[81]	
33-19	5064-5065	-	time.date.abs[81]	
33-20	5065-5069	1981	time.date.abs[81]	
33-21	5069-5070	.	_	

#Text=C' est à Passaic, que se déroule l' action du film de Michel Gondry, Soyez sympas, rembobinez.
34-1	5071-5072	C	_	
34-2	5072-5073	'	_	
34-3	5074-5077	est	_	
34-4	5078-5079	à	_	
34-5	5080-5087	Passaic	loc.adm.town	
34-6	5087-5088	,	_	
34-7	5089-5092	que	_	
34-8	5093-5095	se	_	
34-9	5096-5103	déroule	_	
34-10	5104-5105	l	_	
34-11	5105-5106	'	_	
34-12	5107-5113	action	_	
34-13	5114-5116	du	_	
34-14	5117-5121	film	_	
34-15	5122-5124	de	_	
34-16	5125-5131	Michel	pers.ind[82]	
34-17	5132-5138	Gondry	pers.ind[82]	
34-18	5138-5139	,	_	
34-19	5140-5145	Soyez	prod.art[83]	
34-20	5146-5152	sympas	prod.art[83]	
34-21	5152-5153	,	prod.art[83]	
34-22	5154-5164	rembobinez	prod.art[83]	
34-23	5164-5165	.	_	

#Text=Le Groenland a été retiré des accords sur le charbon et l' acier, ainsi que des accords sur l' énergie atomique.
35-1	5166-5168	Le	_	
35-2	5169-5178	Groenland	loc.adm.nat	
35-3	5179-5180	a	_	
35-4	5181-5184	été	_	
35-5	5185-5191	retiré	_	
35-6	5192-5195	des	_	
35-7	5196-5203	accords	prod.rule[84]	
35-8	5204-5207	sur	prod.rule[84]	
35-9	5208-5210	le	prod.rule[84]	
35-10	5211-5218	charbon	prod.rule[84]	
35-11	5219-5221	et	prod.rule[84]	
35-12	5222-5223	l	prod.rule[84]	
35-13	5223-5224	'	prod.rule[84]	
35-14	5225-5230	acier	prod.rule[84]	
35-15	5230-5231	,	_	
35-16	5232-5237	ainsi	_	
35-17	5238-5241	que	_	
35-18	5242-5245	des	_	
35-19	5246-5253	accords	prod.rule[85]	
35-20	5254-5257	sur	prod.rule[85]	
35-21	5258-5259	l	prod.rule[85]	
35-22	5259-5260	'	prod.rule[85]	
35-23	5261-5268	énergie	prod.rule[85]	
35-24	5269-5277	atomique	prod.rule[85]	
35-25	5277-5278	.	_	

#Text=Néanmoins, Otton I er, protecteur de la Bourgogne, intervient et l' usurpateur s' enfuit.
36-1	5279-5288	Néanmoins	_	
36-2	5288-5289	,	_	
36-3	5290-5295	Otton	pers.ind[86]	
36-4	5296-5297	I	pers.ind[86]	
36-5	5298-5300	er	pers.ind[86]	
36-6	5300-5301	,	_	
36-7	5302-5312	protecteur	func.ind[87]	
36-8	5313-5315	de	func.ind[87]	
36-9	5316-5318	la	func.ind[87]	
36-10	5319-5328	Bourgogne	func.ind[87]|loc.adm.reg[88]	
36-11	5328-5329	,	_	
36-12	5330-5340	intervient	_	
36-13	5341-5343	et	_	
36-14	5344-5345	l	_	
36-15	5345-5346	'	_	
36-16	5347-5357	usurpateur	_	
36-17	5358-5359	s	_	
36-18	5359-5360	'	_	
36-19	5361-5367	enfuit	_	
36-20	5367-5368	.	_	
